frame,expr_l2,theta_l2,expr_cosine
0,6.007661,1.7653168,
1,6.190303,1.8004804,
2,6.2236605,1.7927468,
3,6.0188174,1.7870044,
4,5.7956343,1.7924469,
5,6.008387,1.7964503,
6,5.786793,1.8013531,
7,5.4401193,1.7890916,
8,5.4677453,1.7826957,
9,5.438968,1.7746449,
10,5.1330314,1.7674092,
11,5.116554,1.758148,
12,5.322812,1.7620558,
13,4.9776525,1.7677708,
14,5.04223,1.7723396,
15,5.2363896,1.7766278,
16,4.985792,1.7818283,
17,4.8271017,1.7818084,
18,4.7764273,1.7776963,
19,5.188815,1.7848736,
20,5.5092764,1.7926723,
21,5.4408226,1.7908754,
22,5.2814417,1.7875812,
23,5.278883,1.7869998,
24,5.4390397,1.7751318,
25,5.751533,1.7623974,
26,5.9513645,1.7586684,
27,5.9085026,1.7317983,
28,5.869562,1.7294844,
29,5.529888,1.7233765,
30,5.0672083,1.7387333,
31,4.599717,1.7480376,
32,4.558474,1.7478895,
33,4.6043515,1.7588868,
34,4.9425454,1.7667413,
35,5.299941,1.7863077,
36,5.1915946,1.7752333,
37,5.3906937,1.7796181,
38,5.498748,1.7792362,
39,5.9296303,1.7987305,
40,5.9979815,1.7992506,
41,5.9083505,1.8031039,
42,5.834455,1.8086987,
43,5.686751,1.802676,
44,5.1053886,1.7979125,
45,4.763388,1.7998891,
46,4.7307553,1.7893691,
47,5.166754,1.7812337,
48,5.202006,1.7766268,
49,4.958032,1.7777605,
50,5.1708837,1.5522577,
51,5.058252,1.5527682,
52,4.949408,1.5490315,
53,4.6386724,1.5411845,
54,4.710218,1.5282183,
55,4.5636983,1.5191897,
56,5.03547,1.4989592,
57,5.5515194,1.4791075,
58,5.8648567,1.4653292,
59,6.292604,1.4672962,
60,6.1757903,1.4691515,
61,6.441665,1.4814507,
62,6.038753,1.495846,
63,5.4627237,1.5074136,
64,5.0564556,1.5244958,
65,4.8462567,1.5392158,
66,4.2428155,1.537738,
67,4.585449,1.5500062,
68,4.733045,1.5554204,
69,5.099104,1.5608228,
70,4.811325,1.5683123,
71,4.914163,1.5636228,
72,4.5309043,1.550092,
73,4.8902493,1.5347319,
74,4.9804573,1.5254751,
75,5.0228705,1.5178039,
76,4.871539,1.5160755,
77,5.035554,1.5151496,
78,5.671226,1.5139272,
79,5.798035,1.5118166,
80,5.440831,1.5120173,
81,6.1650615,1.5154741,
82,5.740762,1.5205514,
83,5.8684306,1.5281633,
84,5.613079,1.5298338,
85,4.624945,1.5477442,
86,4.4473944,1.5655277,
87,4.372611,1.5601162,
88,4.9328938,1.5491145,
89,5.3170314,1.5409234,
90,4.31417,1.5543123,
91,4.3459687,1.5428499,
92,4.791143,1.5342039,
93,4.8725595,1.5318881,
94,5.0231657,1.519749,
95,5.252411,1.5096579,
96,5.7043715,1.4917549,
97,5.7957087,1.4960248,
98,5.6166997,1.5073712,
99,5.803286,1.5067687,
100,5.3101482,1.5178039,
101,5.2496743,1.5160755,
102,5.661622,1.5151496,
103,5.550442,1.5139272,
104,5.9967623,1.5118166,
105,5.4832597,1.5120173,
106,5.4544415,1.5154741,
107,5.8226686,1.5205514,
108,5.904662,1.5281633,
109,5.2916026,1.5298338,
110,4.6941166,1.5477442,
111,4.344986,1.5655277,
112,4.326775,1.5601162,
113,4.9306355,1.5491145,
114,5.3570976,1.5409234,
115,4.293153,1.5543123,
116,4.4742312,1.5428499,
117,4.765581,1.5342039,
118,5.037967,1.5318881,
119,5.171829,1.519749,
120,5.46014,1.5096579,
121,5.61275,1.4917549,
122,5.477037,1.4960248,
123,5.7187767,1.5073712,
124,5.9560704,1.5067687,
125,5.761487,1.5000275,
126,5.7331386,1.500045,
127,5.8224835,1.5129994,
128,5.856046,1.5137643,
129,5.582826,1.5092525,
130,5.7968245,1.491213,
131,5.710836,1.4897671,
132,5.999749,1.4883521,
133,6.095959,1.4885243,
134,6.102062,1.490473,
135,5.961794,1.4919386,
136,6.2982907,1.4870498,
137,6.2960463,1.4808645,
138,6.3692045,1.4725615,
139,6.4445624,1.4877335,
140,5.8031425,1.4970329,
141,5.7914686,1.5058185,
142,5.4100676,1.5026608,
143,5.8236747,1.508297,
144,6.0177593,1.5056324,
145,5.458699,1.5046047,
146,4.9236393,1.5131013,
147,4.7393503,1.5128431,
148,4.5747776,1.5231831,
149,4.498461,1.5308646,
150,5.7954965,1.5000275,
151,5.679458,1.500045,
152,5.7148404,1.5129994,
153,5.879404,1.5137643,
154,5.8617325,1.5092525,
155,5.820418,1.491213,
156,6.2083125,1.4897671,
157,6.055376,1.4883521,
158,6.1006317,1.4885243,
159,6.0906534,1.490473,
160,5.8230376,1.4919386,
161,6.318429,1.4870498,
162,6.400149,1.4808645,
163,6.0810046,1.4725615,
164,6.2844653,1.4877335,
165,5.4477177,1.4970329,
166,5.422895,1.5058185,
167,5.1995544,1.5026608,
168,5.6131086,1.508297,
169,6.0220275,1.5056324,
170,5.7174892,1.5046047,
171,5.0714784,1.5131013,
172,4.76574,1.5128431,
173,4.596744,1.5231831,
174,4.448796,1.5308646,
175,4.131642,1.5254229,
176,4.2881336,1.5278276,
177,4.3739686,1.5281514,
178,4.460556,1.5108734,
179,4.4448247,1.5072496,
180,4.5665636,1.5094538,
181,4.657142,1.5120913,
182,4.973994,1.5304726,
183,5.0796967,1.5356375,
184,5.3311353,1.5350943,
185,5.061585,1.5244886,
186,5.276927,1.5220337,
187,5.251454,1.5242254,
188,5.2374105,1.5217133,
189,5.1354527,1.518346,
190,5.011339,1.5148287,
191,5.039849,1.5264276,
192,5.14196,1.5346375,
193,4.6180053,1.553279,
194,4.8025184,1.5540291,
195,4.994294,1.5433661,
196,4.8391175,1.5385648,
197,5.363206,1.527412,
198,5.016874,1.5195962,
199,5.260196,1.5183753,
200,4.000193,1.5254229,
201,4.2187757,1.5278276,
202,4.0322366,1.5281514,
203,4.367898,1.5108734,
204,4.500827,1.5072496,
205,4.7073145,1.5094538,
206,4.7233562,1.5120913,
207,4.892823,1.5304726,
208,5.11343,1.5356375,
209,5.479149,1.5350943,
210,4.8449817,1.5244886,
211,5.166666,1.5220337,
212,5.2931194,1.5242254,
213,5.3788943,1.5217133,
214,5.1533647,1.518346,
215,5.1272535,1.5148287,
216,5.005218,1.5264276,
217,5.305997,1.5346375,
218,4.535954,1.553279,
219,4.707914,1.5540291,
220,5.243818,1.5433661,
221,4.9046416,1.5385648,
222,5.1744804,1.527412,
223,5.3609414,1.5195962,
224,5.300481,1.5183753,
225,5.382969,1.5215449,
226,5.309129,1.5248276,
227,5.6406255,1.5206422,
228,6.0625267,1.5192682,
229,5.9272056,1.5242623,
230,6.013342,1.5304815,
231,5.7023954,1.5226302,
232,5.854046,1.5277156,
233,5.8868604,1.530235,
234,6.007215,1.5160732,
235,5.8878317,1.5039893,
236,6.261582,1.4952964,
237,6.4638324,1.503307,
238,5.293377,1.5162275,
239,5.262264,1.5165751,
240,5.3208523,1.512291,
241,6.5932465,1.5017711,
242,7.161723,1.4964143,
243,6.3705134,1.507575,
244,6.028675,1.5048307,
245,6.0320687,1.5153776,
246,6.1085253,1.5297405,
247,6.505688,1.5351784,
248,6.658663,1.5377175,
249,6.542137,1.5416925,
250,5.2945294,1.5810435,
251,5.278192,1.5775437,
252,6.220155,1.5721309,
253,5.5707154,1.5689049,
254,4.8788195,1.570027,
255,5.5716634,1.5765953,
256,5.118365,1.571459,
257,4.9634056,1.5689116,
258,5.1016746,1.556756,
259,5.1492643,1.5511525,
260,5.2115927,1.5623198,
261,5.257472,1.5688295,
262,5.0065637,1.5659376,
263,6.1329827,1.5482053,
264,5.979683,1.5346068,
265,6.5180454,1.5141112,
266,7.1288633,1.4950819,
267,6.972604,1.4794394,
268,6.7070694,1.4891446,
269,5.685123,1.5097047,
270,4.968103,1.517571,
271,4.6061664,1.5272927,
272,4.669459,1.5407996,
273,4.8593884,1.539829,
274,4.7444468,1.5416952,
275,5.284994,1.5438142,
276,5.84386,1.5507355,
277,5.6713996,1.5556691,
278,5.764304,1.5455141,
279,5.0554757,1.5439515,
280,5.229543,1.5497608,
281,5.3481526,1.5493283,
282,5.279948,1.5450394,
283,5.4310355,1.5427605,
284,5.113963,1.5579803,
285,5.030903,1.5506266,
286,4.9920144,1.540015,
287,4.8915524,1.5499017,
288,4.6832676,1.5606207,
289,4.2610583,1.5543011,
290,4.6305146,1.5500157,
291,4.8815236,1.5449469,
292,5.273437,1.5450609,
293,5.7096524,1.5356079,
294,5.7416096,1.5409142,
295,6.2098784,1.5195007,
296,5.7253017,1.521484,
297,5.840076,1.5066272,
298,6.02352,1.4880669,
299,6.4721527,1.4969332,
300,5.4958982,1.5438142,
301,5.706313,1.5507355,
302,5.838585,1.5556691,
303,5.5535398,1.5455141,
304,4.8747125,1.5439515,
305,5.359135,1.5497608,
306,5.4699,1.5493283,
307,5.3061566,1.5450394,
308,5.0907373,1.5427605,
309,5.166488,1.5579803,
310,5.273009,1.5506266,
311,5.091848,1.540015,
312,5.055057,1.5499017,
313,4.625629,1.5606207,
314,4.402141,1.5543011,
315,4.8120055,1.5500157,
316,5.291767,1.5449469,
317,4.6121407,1.5450609,
318,5.3958097,1.5356079,
319,5.8404145,1.5409142,
320,6.1304507,1.5195007,
321,5.794474,1.521484,
322,5.783982,1.5066272,
323,6.070971,1.4880669,
324,6.2742805,1.4969332,
325,5.8360133,1.4963014,
326,6.190457,1.5096693,
327,6.1062694,1.5114523,
328,6.0364075,1.5256243,
329,5.7373424,1.5319288,
330,4.4712586,1.5201538,
331,5.92246,1.5139803,
332,6.1690707,1.5265563,
333,6.20078,1.5146153,
334,4.944488,1.5228676,
335,4.360513,1.5326983,
336,3.9116268,1.5379815,
337,4.8829546,1.5151181,
338,6.4879103,1.5046918,
339,6.107639,1.5067248,
340,4.5249057,1.520228,
341,5.045011,1.51854,
342,4.276488,1.5256218,
343,4.8538203,1.5232816,
344,5.2625723,1.5289688,
345,4.8878617,1.527636,
346,5.1430945,1.5263336,
347,4.9604344,1.5336587,
348,4.9598613,1.5423106,
349,4.9322863,1.5385791,
350,5.9732356,1.4963014,
351,6.0948596,1.5096693,
352,6.1906743,1.5114523,
353,6.2677693,1.5256243,
354,5.7068005,1.5319288,
355,4.2985272,1.5201538,
356,5.8445673,1.5139803,
357,5.8676243,1.5265563,
358,6.193898,1.5146153,
359,4.986115,1.5228676,
360,4.3815327,1.5326983,
361,4.060112,1.5379815,
362,4.9883537,1.5151181,
363,6.5403457,1.5046918,
364,5.9027658,1.5067248,
365,4.568915,1.520228,
366,4.92145,1.51854,
367,4.4133573,1.5256218,
368,5.155987,1.5232816,
369,5.071335,1.5289688,
370,5.0441284,1.527636,
371,4.8392477,1.5263336,
372,5.092085,1.5336587,
373,4.932703,1.5423106,
374,4.9474297,1.5385791,
375,5.1582847,1.5403616,
376,5.3107796,1.5288533,
377,5.972387,1.5298349,
378,6.054696,1.5216624,
379,5.9368734,1.5162485,
380,5.740631,1.5413946,
381,5.7966995,1.5467736,
382,6.1181445,1.5369147,
383,5.945061,1.530222,
384,6.1866055,1.5204343,
385,6.602834,1.5235516,
386,6.0469975,1.5305382,
387,6.019359,1.5401162,
388,5.731283,1.5463626,
389,5.940728,1.5490711,
390,5.6331096,1.5483384,
391,6.019498,1.5419419,
392,5.871522,1.5482854,
393,5.563734,1.5430782,
394,3.9301662,1.5652672,
395,3.8799667,1.5774271,
396,5.5161004,1.5685706,
397,5.488491,1.5610739,
398,4.8244376,1.5585006,
399,4.3579507,1.5525893,
400,5.2612677,1.4916943,
401,4.7355766,1.5084633,
402,5.9314704,1.5053443,
403,5.610467,1.5096666,
404,5.4194026,1.5137904,
405,5.1212664,1.5164872,
406,6.0030336,1.5089777,
407,6.4691105,1.5003228,
408,6.918643,1.4963071,
409,6.669108,1.4975529,
410,6.2126517,1.5021176,
411,6.269883,1.5128766,
412,6.4571805,1.5154678,
413,6.2141533,1.5215018,
414,5.0914125,1.5287911,
415,5.4709096,1.5279235,
416,5.766142,1.5230372,
417,5.4864135,1.5201739,
418,5.8149457,1.5072343,
419,6.2127724,1.5013018,
420,5.3882823,1.5117365,
421,5.7091947,1.515368,
422,5.293477,1.5231129,
423,4.244591,1.5300962,
424,4.238313,1.5256443,
425,5.251787,1.5197585,
426,5.5249214,1.5129588,
427,5.4593205,1.5060503,
428,4.9426646,1.5138859,
429,5.004991,1.5204349,
430,4.843894,1.5158428,
431,4.83061,1.5160494,
432,5.181206,1.5166974,
433,5.260352,1.5092157,
434,5.4289308,1.5133356,
435,5.382849,1.5150696,
436,5.849884,1.5163282,
437,5.773033,1.5211947,
438,5.7517233,1.5235943,
439,5.923837,1.5200536,
440,6.0829835,1.517323,
441,6.3074055,1.5266002,
442,6.003788,1.5311815,
443,4.6703477,1.5438353,
444,4.906302,1.5522344,
445,5.0522394,1.5507898,
446,4.687314,1.5383817,
447,4.8174496,1.5223029,
448,5.556156,1.5053926,
449,5.878157,1.4932166,
450,5.3440866,1.5197585,
451,5.2495704,1.5129588,
452,5.3484454,1.5060503,
453,4.9823217,1.5138859,
454,5.032197,1.5204349,
455,4.9254394,1.5158428,
456,4.9624224,1.5160494,
457,5.228352,1.5166974,
458,5.130855,1.5092157,
459,5.505758,1.5133356,
460,5.1657343,1.5150696,
461,5.8387327,1.5163282,
462,5.876924,1.5211947,
463,5.8339314,1.5235943,
464,6.051135,1.5200536,
465,6.1757255,1.517323,
466,6.4909406,1.5266002,
467,6.1042686,1.5311815,
468,4.681765,1.5438353,
469,4.9300895,1.5522344,
470,5.001608,1.5507898,
471,4.599342,1.5383817,
472,4.9290276,1.5223029,
473,5.7817664,1.5053926,
474,6.344623,1.4932166,
475,5.8824806,1.48445,
476,5.5341663,1.4792329,
477,5.283047,1.4808466,
478,5.1422563,1.4927977,
479,5.1893363,1.4949976,
480,5.095922,1.4988409,
481,5.0260377,1.4980577,
482,5.3187594,1.5006533,
483,5.6124487,1.4920924,
484,5.277316,1.4892324,
485,5.320336,1.4838593,
486,5.24383,1.4840848,
487,5.0927444,1.4879817,
488,5.2556415,1.4869238,
489,5.262549,1.4922304,
490,5.357367,1.494001,
491,5.2503552,1.4976822,
492,5.463786,1.4977856,
493,5.657066,1.497404,
494,5.759956,1.4906358,
495,5.6683793,1.4861516,
496,5.4193397,1.4791709,
497,5.562825,1.4691875,
498,5.84121,1.4601833,
499,5.763923,1.4492058,
500,5.7853923,1.48445,
501,5.7019415,1.4792329,
502,5.329384,1.4808466,
503,5.131392,1.4927977,
504,4.9974394,1.4949976,
505,5.0288305,1.4988409,
506,5.2308483,1.4980577,
507,5.2282114,1.5006533,
508,5.543664,1.4920924,
509,5.212726,1.4892324,
510,5.271534,1.4838593,
511,5.155514,1.4840848,
512,5.0525765,1.4879817,
513,5.068811,1.4869238,
514,5.4113836,1.4922304,
515,5.139969,1.494001,
516,5.1314607,1.4976822,
517,5.495996,1.4977856,
518,5.7096796,1.497404,
519,5.6006074,1.4906358,
520,5.684178,1.4861516,
521,5.2825766,1.4791709,
522,5.633707,1.4691875,
523,5.8174148,1.4601833,
524,5.9728713,1.4492058,
525,5.783298,1.4492497,
526,6.960182,1.4368327,
527,7.4342537,1.4242942,
528,6.731633,1.4346527,
529,6.415265,1.4438157,
530,6.238894,1.4488358,
531,6.1538334,1.4554799,
532,5.911704,1.4695356,
533,6.0373607,1.4918704,
534,6.027345,1.4990736,
535,6.0889487,1.5187585,
536,5.9076138,1.5297481,
537,5.7226915,1.5329646,
538,6.0045815,1.5365953,
539,6.4396863,1.542746,
540,6.5370436,1.5455966,
541,5.7668285,1.5399858,
542,5.5811477,1.5444583,
543,5.4823704,1.5482199,
544,5.1574707,1.5563273,
545,4.981868,1.5674186,
546,4.955717,1.5727724,
547,5.6041613,1.5780702,
548,5.754362,1.5689697,
549,5.98514,1.5452496,
550,5.716591,1.4492497,
551,7.0828342,1.4368327,
552,7.878353,1.4242942,
553,6.646006,1.4346527,
554,6.590915,1.4438157,
555,6.1880956,1.4488358,
556,6.400054,1.4554799,
557,5.89002,1.4695356,
558,5.9265227,1.4918704,
559,6.065154,1.4990736,
560,5.883295,1.5187585,
561,6.136563,1.5297481,
562,5.6837664,1.5329646,
563,6.231597,1.5365953,
564,5.940552,1.542746,
565,6.427132,1.5455966,
566,5.7708683,1.5399858,
567,5.847303,1.5444583,
568,5.4007425,1.5482199,
569,5.4591594,1.5563273,
570,5.150442,1.5674186,
571,5.178373,1.5727724,
572,5.7169337,1.5780702,
573,5.911194,1.5689697,
574,5.942667,1.5452496,
575,5.7313538,1.5320798,
576,6.4141955,1.5053478,
577,8.167876,1.4937087,
578,7.203075,1.4984585,
579,6.063522,1.5129347,
580,5.8668566,1.5211254,
581,4.4834943,1.5287974,
582,4.1930575,1.5328234,
583,4.334523,1.5309509,
584,5.084086,1.5229006,
585,4.959393,1.5166867,
586,4.8294215,1.5141554,
587,5.180553,1.5091057,
588,4.566785,1.513769,
589,4.914464,1.5099423,
590,4.763722,1.5090209,
591,5.1719265,1.508496,
592,5.2624288,1.5004328,
593,5.1574407,1.4964042,
594,4.6501837,1.4974424,
595,4.6964183,1.4953568,
596,4.8302717,1.4950287,
597,4.802097,1.4913802,
598,5.0656037,1.4882036,
599,5.222087,1.4876326,
600,4.9834523,1.5921307,
601,5.256352,1.565114,
602,5.3265295,1.5638194,
603,5.3130035,1.5583274,
604,5.4611273,1.556092,
605,5.5225677,1.5513599,
606,5.3342113,1.5469601,
607,5.758012,1.5413256,
608,5.90209,1.5322152,
609,6.524076,1.5215939,
610,6.6285715,1.515275,
611,6.7101955,1.5116735,
612,6.743325,1.5116405,
613,5.3353724,1.5198239,
614,5.902571,1.5225194,
615,6.12032,1.5178106,
616,5.7908936,1.50379,
617,6.4435754,1.4891059,
618,6.853049,1.4860338,
619,6.4093213,1.4868929,
620,5.0341864,1.4882865,
621,4.872767,1.4906082,
622,5.370718,1.4833449,
623,5.0145907,1.4757159,
624,5.0904393,1.473846,
625,5.0821753,1.4823672,
626,5.068695,1.4853165,
627,5.2825007,1.4917221,
628,4.9562044,1.4896668,
629,5.14377,1.4873682,
630,4.6513195,1.4970937,
631,4.5655727,1.5027812,
632,4.857585,1.5033134,
633,5.0606565,1.5153223,
634,5.316062,1.5148613,
635,4.789456,1.5073048,
636,4.762562,1.5014865,
637,4.9631867,1.5000514,
638,4.7345967,1.5037603,
639,4.7354994,1.506222,
640,4.5802083,1.5010676,
641,4.4163804,1.4997569,
642,4.577762,1.5008901,
643,4.6397095,1.5004902,
644,4.301491,1.4988457,
645,5.130498,1.4899247,
646,6.08384,1.4902948,
647,5.9742885,1.4898149,
648,6.5442486,1.4907235,
649,6.034545,1.4936928,
650,4.89125,1.4823672,
651,5.0126147,1.4853165,
652,5.1444807,1.4917221,
653,5.116285,1.4896668,
654,5.1748514,1.4873682,
655,4.732055,1.4970937,
656,4.4250655,1.5027812,
657,4.833959,1.5033134,
658,4.8549213,1.5153223,
659,5.16719,1.5148613,
660,5.021121,1.5073048,
661,4.8638372,1.5014865,
662,4.6541777,1.5000514,
663,4.738653,1.5037603,
664,4.9199657,1.506222,
665,4.6402774,1.5010676,
666,4.4797554,1.4997569,
667,4.6349106,1.5008901,
668,4.6804914,1.5004902,
669,4.1909013,1.4988457,
670,5.6352806,1.4899247,
671,6.12613,1.4902948,
672,6.1424522,1.4898149,
673,6.061261,1.4907235,
674,5.8460007,1.4936928,
675,4.9533343,1.4928496,
676,5.4494395,1.4917386,
677,5.438559,1.4934736,
678,5.451241,1.4934492,
679,5.611735,1.5025,
680,5.397307,1.502877,
681,4.7137475,1.5058541,
682,4.8592925,1.509772,
683,4.690786,1.5086817,
684,4.827607,1.506773,
685,4.671463,1.5058614,
686,5.0349345,1.5079471,
687,5.2132583,1.5031753,
688,5.3833427,1.4987085,
689,5.538489,1.4997371,
690,5.4075394,1.4937906,
691,5.531764,1.5005149,
692,5.9932117,1.495671,
693,5.535382,1.4983162,
694,5.951502,1.4974068,
695,5.8143234,1.49158,
696,6.022668,1.4985728,
697,5.880673,1.4933913,
698,5.5213366,1.5082476,
699,5.403256,1.526966,
700,4.7604747,1.4928496,
701,5.09066,1.4917386,
702,5.244166,1.4934736,
703,5.6647778,1.4934492,
704,5.4803605,1.5025,
705,5.5162725,1.502877,
706,4.8321257,1.5058541,
707,4.6868052,1.509772,
708,4.81697,1.5086817,
709,4.667523,1.506773,
710,4.7382236,1.5058614,
711,4.949487,1.5079471,
712,5.2228894,1.5031753,
713,5.1026855,1.4987085,
714,5.352088,1.4997371,
715,5.425746,1.4937906,
716,5.7293153,1.5005149,
717,5.713823,1.495671,
718,5.935482,1.4983162,
719,5.640761,1.4974068,
720,5.6715107,1.49158,
721,5.799059,1.4985728,
722,5.9082956,1.4933913,
723,5.609316,1.5082476,
724,5.191714,1.526966,
725,5.0117674,1.5351373,
726,5.6383133,1.5280756,
727,6.242104,1.5310102,
728,6.1192737,1.5286145,
729,5.410445,1.5071847,
730,5.9364066,1.4918793,
731,6.1246223,1.4966847,
732,6.8600645,1.4974742,
733,6.23545,1.4921322,
734,5.8003592,1.4896559,
735,5.89465,1.4801723,
736,6.194504,1.4831477,
737,6.2469807,1.4851338,
738,6.156732,1.4873818,
739,6.0582514,1.4880713,
740,6.0992804,1.4886782,
741,6.16534,1.4847505,
742,6.093037,1.4786566,
743,6.056002,1.4800794,
744,6.296025,1.479929,
745,6.2639184,1.4770833,
746,6.6127367,1.4676347,
747,6.5123982,1.4481872,
748,6.8403263,1.4361818,
749,6.7360578,1.4402782,
750,5.031988,1.5351373,
751,5.7333307,1.5280756,
752,6.1638484,1.5310102,
753,6.105436,1.5286145,
754,5.1401243,1.5071847,
755,5.641714,1.4918793,
756,6.1907954,1.4966847,
757,6.441607,1.4974742,
758,6.239716,1.4921322,
759,5.9579935,1.4896559,
760,6.1763525,1.4801723,
761,6.2563486,1.4831477,
762,5.9540415,1.4851338,
763,5.993451,1.4873818,
764,6.181801,1.4880713,
765,6.079035,1.4886782,
766,5.865947,1.4847505,
767,6.5387983,1.4786566,
768,5.966872,1.4800794,
769,6.2253604,1.479929,
770,6.7254715,1.4770833,
771,6.372694,1.4676347,
772,6.3854666,1.4481872,
773,7.0291276,1.4361818,
774,6.6250396,1.4402782,
775,6.212155,1.4500437,
776,5.9196763,1.4561813,
777,5.5641003,1.4677876,
778,6.0862966,1.4738017,
779,5.6360664,1.4671715,
780,5.616293,1.4564763,
781,5.7526207,1.4453315,
782,5.7561283,1.4392731,
783,5.706317,1.439075,
784,6.721026,1.4429401,
785,5.9210615,1.4510603,
786,5.5269585,1.4581697,
787,5.4927287,1.4617273,
788,6.2586093,1.4600604,
789,6.181407,1.4666195,
790,6.839127,1.4711685,
791,6.9581847,1.4681928,
792,5.9223213,1.4656099,
793,5.5442657,1.455632,
794,5.5070257,1.4499073,
795,5.6766896,1.4532385,
796,7.494785,1.44335,
797,7.3832693,1.4455589,
798,6.281811,1.4566205,
799,6.156964,1.4576128,
800,6.5076256,1.5050367,
801,6.715479,1.5091587,
802,7.0319676,1.5132521,
803,6.7302766,1.5099452,
804,6.989311,1.5002682,
805,6.9379783,1.4816183,
806,5.763409,1.4656321,
807,5.4175525,1.474013,
808,4.9748015,1.4753945,
809,4.6538568,1.4733888,
810,4.3971624,1.4606618,
811,4.6403375,1.4535577,
812,4.917972,1.4538598,
813,5.223636,1.4462932,
814,4.72152,1.4414196,
815,4.9549894,1.4496012,
816,5.4117594,1.450256,
817,5.2184763,1.4516032,
818,5.339931,1.4470437,
819,5.0550804,1.4433259,
820,5.0119615,1.441137,
821,5.3186264,1.447566,
822,5.1201754,1.4517667,
823,5.268502,1.4481604,
824,5.2051787,1.44712,
825,5.283632,1.4459562,
826,5.1141987,1.4437096,
827,4.12008,1.4462984,
828,4.588533,1.4470268,
829,4.833423,1.4450967,
830,4.868162,1.4387194,
831,5.705114,1.4324511,
832,5.5670557,1.4280832,
833,5.0878706,1.4259799,
834,5.3791723,1.4381764,
835,5.161997,1.4429501,
836,5.1905584,1.4499017,
837,5.0003858,1.4378808,
838,6.1613336,1.4312952,
839,6.409164,1.4299796,
840,5.4613986,1.427754,
841,5.3233914,1.4396566,
842,5.0345316,1.4501437,
843,4.450027,1.455957,
844,4.595189,1.458836,
845,4.828849,1.4577341,
846,4.9221063,1.4483058,
847,4.801873,1.4439026,
848,4.840569,1.4338349,
849,5.1019926,1.443438,
850,5.372777,1.4459562,
851,5.2696915,1.4437096,
852,4.3710837,1.4462984,
853,4.3710127,1.4470268,
854,4.4195232,1.4450967,
855,5.0898094,1.4387194,
856,5.5378995,1.4324511,
857,5.3458886,1.4280832,
858,5.190454,1.4259799,
859,5.306804,1.4381764,
860,5.2076764,1.4429501,
861,5.1707854,1.4499017,
862,4.9505095,1.4378808,
863,6.2382913,1.4312952,
864,6.146076,1.4299796,
865,5.731466,1.427754,
866,5.302238,1.4396566,
867,5.0660295,1.4501437,
868,4.449713,1.455957,
869,4.6461024,1.458836,
870,5.126166,1.4577341,
871,4.804606,1.4483058,
872,4.8162627,1.4439026,
873,4.8591003,1.4338349,
874,4.92772,1.443438,
875,4.9867625,1.4429785,
876,5.2483897,1.4444238,
877,5.3627076,1.4436936,
878,5.047674,1.4456937,
879,5.2375703,1.4480664,
880,5.4544888,1.4517242,
881,5.6697392,1.4575781,
882,5.5512652,1.4521648,
883,6.0366488,1.4539373,
884,5.098614,1.4523189,
885,4.9676075,1.4508564,
886,4.542653,1.4311825,
887,4.7065563,1.4282184,
888,4.906708,1.4298881,
889,4.644472,1.4367045,
890,4.6046114,1.4440444,
891,4.8681107,1.4469064,
892,4.780265,1.4451364,
893,4.764536,1.4455909,
894,4.919013,1.4442067,
895,4.871189,1.4440913,
896,5.107373,1.4461032,
897,4.887339,1.4450978,
898,4.9628863,1.4506687,
899,4.9600906,1.450513,
900,5.3310337,1.4429785,
901,4.988502,1.4444238,
902,4.987238,1.4436936,
903,5.4142966,1.4456937,
904,5.725056,1.4480664,
905,5.2400374,1.4517242,
906,5.585299,1.4575781,
907,5.667825,1.4521648,
908,6.273965,1.4539373,
909,5.4217963,1.4523189,
910,5.086388,1.4508564,
911,4.4355717,1.4311825,
912,4.6527224,1.4282184,
913,4.993547,1.4298881,
914,4.8822722,1.4367045,
915,4.778018,1.4440444,
916,4.6837068,1.4469064,
917,4.7938366,1.4451364,
918,4.839924,1.4455909,
919,4.8982863,1.4442067,
920,4.890059,1.4440913,
921,4.8551307,1.4461032,
922,4.8354354,1.4450978,
923,4.933196,1.4506687,
924,4.962143,1.450513,
925,5.0901055,1.4452388,
926,5.092234,1.4426061,
927,5.0506024,1.4504813,
928,4.8961473,1.4526693,
929,4.916875,1.4507477,
930,4.8211765,1.4462138,
931,4.7749305,1.4496832,
932,5.0747113,1.4528074,
933,4.9100213,1.4477378,
934,5.6540046,1.4364698,
935,6.0910287,1.4272097,
936,4.3916297,1.4331573,
937,5.101135,1.4324962,
938,5.309405,1.4368731,
939,5.349085,1.4304272,
940,5.12773,1.4287609,
941,5.0919657,1.4402599,
942,5.434757,1.4471647,
943,5.6453133,1.4431413,
944,5.6186733,1.4497322,
945,5.6689515,1.4508802,
946,5.7523117,1.4484409,
947,5.6771913,1.4516852,
948,5.4910126,1.4553802,
949,5.4296556,1.4520702,
950,4.924399,1.4452388,
951,4.7956185,1.4426061,
952,5.1727033,1.4504813,
953,4.916773,1.4526693,
954,4.798442,1.4507477,
955,4.556529,1.4462138,
956,4.8605475,1.4496832,
957,5.2349114,1.4528074,
958,5.159298,1.4477378,
959,5.76295,1.4364698,
960,6.0941253,1.4272097,
961,4.5909886,1.4331573,
962,5.0703583,1.4324962,
963,5.340401,1.4368731,
964,5.435434,1.4304272,
965,5.1006784,1.4287609,
966,4.988371,1.4402599,
967,5.176496,1.4471647,
968,5.879958,1.4431413,
969,5.791808,1.4497322,
970,5.8353176,1.4508802,
971,5.55414,1.4484409,
972,5.7472167,1.4516852,
973,5.42269,1.4553802,
974,5.499864,1.4520702,
975,4.9486146,1.4457175,
976,4.0983844,1.4408548,
977,4.2682095,1.4318568,
978,4.2463727,1.4341025,
979,4.168587,1.4290968,
980,4.1907544,1.4293873,
981,4.321721,1.4409162,
982,4.40663,1.4432459,
983,4.5396185,1.4446968,
984,4.4257655,1.4435282,
985,4.438804,1.439483,
986,4.3572044,1.435583,
987,4.5507693,1.4358064,
988,4.76319,1.4384824,
989,5.773112,1.4423921,
990,5.4104495,1.445747,
991,5.6562734,1.4488233,
992,5.6450863,1.4501873,
993,5.5541253,1.454725,
994,5.7263765,1.4577504,
995,5.5182247,1.4585063,
996,5.2633595,1.455967,
997,4.8287015,1.451469,
998,4.696626,1.4369191,
999,4.9072375,1.4352387,
1000,5.34231,1.5404395,
1001,5.5973687,1.5366876,
1002,5.2057457,1.5417937,
1003,5.382308,1.53792,
1004,5.117109,1.5348257,
1005,4.75825,1.5294003,
1006,5.0908203,1.5216473,
1007,7.4757767,1.5082408,
1008,7.6302996,1.4832553,
1009,7.4623246,1.4930941,
1010,6.5425243,1.5002446,
1011,5.9697022,1.5141778,
1012,6.0125527,1.525099,
1013,5.9949884,1.5258335,
1014,5.854836,1.514945,
1015,6.0126266,1.5065889,
1016,6.362561,1.5059754,
1017,6.5601144,1.5026312,
1018,6.7394576,1.5056541,
1019,6.4566984,1.5087125,
1020,5.805297,1.5130138,
1021,5.7554226,1.5276564,
1022,5.781799,1.5286081,
1023,5.8374457,1.5341177,
1024,5.626279,1.5312837,
1025,5.4741354,1.526537,
1026,6.8551526,1.5085725,
1027,7.0690327,1.4866079,
1028,6.324341,1.4769747,
1029,6.3452797,1.4660139,
1030,6.6992316,1.4596775,
1031,6.6550007,1.4605552,
1032,6.6130753,1.4659082,
1033,7.022548,1.4795129,
1034,5.4320064,1.4966205,
1035,5.654826,1.5098377,
1036,5.5911355,1.5189162,
1037,5.3960023,1.5274917,
1038,6.1395006,1.5297443,
1039,6.729185,1.5306408,
1040,6.5621667,1.5265354,
1041,5.964789,1.5214357,
1042,5.874602,1.5095268,
1043,6.4089003,1.4958775,
1044,6.599347,1.490669,
1045,6.4196568,1.4851689,
1046,6.659925,1.4842777,
1047,6.142262,1.4863522,
1048,5.628893,1.4899954,
1049,5.5396647,1.4926416,
1050,5.6293745,1.5404395,
1051,5.548457,1.5366876,
1052,5.4237905,1.5417937,
1053,5.0682244,1.53792,
1054,4.7230825,1.5348257,
1055,4.76841,1.5294003,
1056,5.1217737,1.5216473,
1057,7.652969,1.5082408,
1058,7.5908933,1.4832553,
1059,7.5788913,1.4930941,
1060,6.2308345,1.5002446,
1061,5.9309163,1.5141778,
1062,6.0418677,1.525099,
1063,5.809323,1.5258335,
1064,5.903284,1.514945,
1065,6.391142,1.5065889,
1066,6.432992,1.5059754,
1067,6.973807,1.5026312,
1068,6.873131,1.5056541,
1069,6.1129313,1.5087125,
1070,5.8888717,1.5130138,
1071,5.918435,1.5276564,
1072,5.814277,1.5286081,
1073,5.646061,1.5341177,
1074,5.6622486,1.5312837,
1075,5.395666,1.526537,
1076,6.3514986,1.5085725,
1077,7.1391125,1.4866079,
1078,6.718484,1.4769747,
1079,6.8958964,1.4660139,
1080,6.4599023,1.4596775,
1081,6.6399775,1.4605552,
1082,6.254523,1.4659082,
1083,6.521529,1.4795129,
1084,5.528331,1.4966205,
1085,5.325208,1.5098377,
1086,5.386861,1.5189162,
1087,5.554793,1.5274917,
1088,6.037409,1.5297443,
1089,6.7563324,1.5306408,
1090,6.8663483,1.5265354,
1091,6.250107,1.5214357,
1092,5.8462415,1.5095268,
1093,6.6999364,1.4958775,
1094,6.8533893,1.490669,
1095,6.5634594,1.4851689,
1096,6.5883403,1.4842777,
1097,6.199308,1.4863522,
1098,5.58799,1.4899954,
1099,5.539408,1.4926416,
1100,5.520415,1.526537,
1101,6.5419607,1.5085725,
1102,7.292433,1.4866079,
1103,6.5866394,1.4769747,
1104,6.6930795,1.4660139,
1105,6.5836735,1.4596775,
1106,6.5332093,1.4605552,
1107,6.780823,1.4659082,
1108,6.921071,1.4795129,
1109,5.6037354,1.4966205,
1110,5.5283628,1.5098377,
1111,5.4793158,1.5189162,
1112,5.3069305,1.5274917,
1113,6.5155067,1.5297443,
1114,6.756173,1.5306408,
1115,7.093309,1.5265354,
1116,6.3001723,1.5214357,
1117,5.717595,1.5095268,
1118,6.3053093,1.4958775,
1119,6.656265,1.490669,
1120,6.171856,1.4851689,
1121,6.7555714,1.4842777,
1122,6.131147,1.4863522,
1123,5.6356516,1.4899954,
1124,5.5520215,1.4926416,
1125,5.2825108,1.4974504,
1126,4.865639,1.5012971,
1127,4.7578263,1.503708,
1128,5.150723,1.50415,
1129,5.6161165,1.5069082,
1130,5.861314,1.5115824,
1131,6.463036,1.5088221,
1132,6.5736217,1.5015719,
1133,6.390004,1.4763846,
1134,6.7564445,1.4714184,
1135,6.081559,1.4719238,
1136,5.783799,1.4849464,
1137,5.5114408,1.4906057,
1138,5.2283106,1.4878666,
1139,6.393139,1.4666247,
1140,6.8238835,1.4583267,
1141,6.968376,1.4530132,
1142,6.941207,1.4637145,
1143,8.814255,1.4889138,
1144,8.416536,1.5132847,
1145,5.5210633,1.5246489,
1146,5.457889,1.5280911,
1147,5.0957694,1.52816,
1148,5.173373,1.5266765,
1149,5.0212293,1.5309514,
1150,5.2981606,1.526537,
1151,6.5896487,1.5085725,
1152,7.2294693,1.4866079,
1153,6.59653,1.4769747,
1154,6.6879272,1.4660139,
1155,6.6331534,1.4596775,
1156,6.741076,1.4605552,
1157,6.752346,1.4659082,
1158,6.6997666,1.4795129,
1159,5.4112973,1.4966205,
1160,5.5257244,1.5098377,
1161,5.5731587,1.5189162,
1162,5.6090736,1.5274917,
1163,6.325547,1.5297443,
1164,6.865138,1.5306408,
1165,6.520308,1.5265354,
1166,6.2425447,1.5214357,
1167,5.6796503,1.5095268,
1168,6.918264,1.4958775,
1169,6.3692884,1.490669,
1170,6.452138,1.4851689,
1171,6.400799,1.4842777,
1172,6.3163977,1.4863522,
1173,5.4876423,1.4899954,
1174,5.4934745,1.4926416,
1175,5.3214707,1.4974504,
1176,4.9220686,1.5012971,
1177,4.7171655,1.503708,
1178,5.008069,1.50415,
1179,5.6491723,1.5069082,
1180,6.0961614,1.5115824,
1181,6.3993936,1.5088221,
1182,6.5866265,1.5015719,
1183,6.127248,1.4763846,
1184,6.1411715,1.4714184,
1185,6.1220455,1.4719238,
1186,5.4379287,1.4849464,
1187,5.4353666,1.4906057,
1188,5.367782,1.4878666,
1189,6.4221454,1.4666247,
1190,6.8999043,1.4583267,
1191,6.886658,1.4530132,
1192,6.5048494,1.4637145,
1193,9.053218,1.4889138,
1194,8.761947,1.5132847,
1195,5.4063306,1.5246489,
1196,5.2307067,1.5280911,
1197,5.2340283,1.52816,
1198,4.971967,1.5266765,
1199,5.1830826,1.5309514,
1200,5.279507,1.4974504,
1201,4.693242,1.5012971,
1202,4.5014567,1.503708,
1203,5.094605,1.50415,
1204,5.507836,1.5069082,
1205,5.8567066,1.5115824,
1206,6.178719,1.5088221,
1207,6.248688,1.5015719,
1208,6.352274,1.4763846,
1209,6.3556333,1.4714184,
1210,6.082327,1.4719238,
1211,5.5006504,1.4849464,
1212,5.506907,1.4906057,
1213,5.400324,1.4878666,
1214,6.483633,1.4666247,
1215,6.2475085,1.4583267,
1216,6.711497,1.4530132,
1217,7.1540866,1.4637145,
1218,8.945853,1.4889138,
1219,8.783618,1.5132847,
1220,5.477431,1.5246489,
1221,5.420907,1.5280911,
1222,5.042007,1.52816,
1223,5.105197,1.5266765,
1224,5.167513,1.5309514,
1225,5.0464444,1.5272179,
1226,5.097974,1.521017,
1227,5.7104745,1.5095578,
1228,5.5420055,1.4996082,
1229,5.4677744,1.5008165,
1230,5.349685,1.5040544,
1231,5.3259697,1.5025693,
1232,5.6079826,1.5025953,
1233,5.695971,1.4995552,
1234,5.506576,1.4945154,
1235,5.223164,1.507684,
1236,4.66147,1.5107077,
1237,4.925577,1.5040487,
1238,5.8540874,1.4844216,
1239,5.617282,1.4805145,
1240,5.1587524,1.4857638,
1241,4.7508183,1.5100619,
1242,4.2946734,1.5207194,
1243,4.4101954,1.5237882,
1244,4.528634,1.5253156,
1245,4.308007,1.5209526,
1246,4.749469,1.5085281,
1247,5.226957,1.5035427,
1248,6.0610714,1.494107,
1249,6.5137672,1.4885099,
1250,4.898862,1.5272179,
1251,5.2030096,1.521017,
1252,5.718028,1.5095578,
1253,5.169794,1.4996082,
1254,5.085858,1.5008165,
1255,5.382555,1.5040544,
1256,5.4630284,1.5025693,
1257,5.350222,1.5025953,
1258,5.71269,1.4995552,
1259,5.261235,1.4945154,
1260,5.159677,1.507684,
1261,4.6467066,1.5107077,
1262,4.5920577,1.5040487,
1263,6.197444,1.4844216,
1264,5.377323,1.4805145,
1265,5.3230643,1.4857638,
1266,4.593642,1.5100619,
1267,4.468684,1.5207194,
1268,4.4728603,1.5237882,
1269,4.373823,1.5253156,
1270,4.5650187,1.5209526,
1271,4.7527676,1.5085281,
1272,5.1805043,1.5035427,
1273,5.952854,1.494107,
1274,6.6923513,1.4885099,
1275,6.755614,1.4905634,
1276,6.0152564,1.4929308,
1277,5.1262817,1.5155228,
1278,5.612257,1.5281802,
1279,6.126754,1.5281417,
1280,5.6934924,1.5318276,
1281,5.926438,1.539725,
1282,8.46953,1.5386,
1283,9.265584,1.4838985,
1284,8.0714855,1.4742981,
1285,7.020366,1.4780314,
1286,6.123853,1.5005895,
1287,5.9672093,1.5140487,
1288,6.5497446,1.5275371,
1289,6.430428,1.5282807,
1290,6.244253,1.5238303,
1291,6.5435185,1.5209807,
1292,6.778679,1.5168109,
1293,6.314543,1.4985037,
1294,6.1626163,1.4846005,
1295,6.336868,1.489005,
1296,5.7705274,1.4995729,
1297,5.821613,1.5092518,
1298,6.035601,1.5157933,
1299,5.6547008,1.5090775,
1300,6.31438,1.4905634,
1301,6.121389,1.4929308,
1302,5.201705,1.5155228,
1303,5.88242,1.5281802,
1304,6.236277,1.5281417,
1305,6.002812,1.5318276,
1306,6.168089,1.539725,
1307,8.339486,1.5386,
1308,9.754006,1.4838985,
1309,8.234995,1.4742981,
1310,7.0975943,1.4780314,
1311,6.0446815,1.5005895,
1312,5.904907,1.5140487,
1313,6.0800347,1.5275371,
1314,6.0534625,1.5282807,
1315,6.793582,1.5238303,
1316,6.40722,1.5209807,
1317,6.7009344,1.5168109,
1318,5.945206,1.4985037,
1319,6.32415,1.4846005,
1320,5.982679,1.489005,
1321,5.909933,1.4995729,
1322,5.8344703,1.5092518,
1323,5.927607,1.5157933,
1324,5.5995665,1.5090775,
1325,6.1720195,1.5004768,
1326,5.8406405,1.4856876,
1327,5.7395315,1.460574,
1328,6.073797,1.4618064,
1329,6.0563493,1.458092,
1330,6.7387085,1.4670045,
1331,8.756098,1.4706111,
1332,9.445419,1.4776834,
1333,7.598687,1.5059545,
1334,6.8865924,1.5242041,
1335,5.6552,1.5538073,
1336,5.4866405,1.5587808,
1337,5.341058,1.56822,
1338,5.3104625,1.5683012,
1339,5.66862,1.5722303,
1340,5.6151314,1.5721582,
1341,6.169785,1.566885,
1342,5.829395,1.5606503,
1343,6.425566,1.5417633,
1344,6.684274,1.5300766,
1345,6.453142,1.5273486,
1346,5.6728864,1.5273695,
1347,5.083511,1.5329461,
1348,4.616415,1.5331279,
1349,4.782748,1.5359721,
1350,5.8216233,1.5004768,
1351,5.7696066,1.4856876,
1352,5.263766,1.460574,
1353,5.4756684,1.4618064,
1354,6.442173,1.458092,
1355,6.643283,1.4670045,
1356,8.51995,1.4706111,
1357,8.865589,1.4776834,
1358,7.7582674,1.5059545,
1359,7.4726777,1.5242041,
1360,5.5791326,1.5538073,
1361,5.1743374,1.5587808,
1362,5.0954113,1.56822,
1363,5.151719,1.5683012,
1364,5.3918777,1.5722303,
1365,5.5190954,1.5721582,
1366,6.1624637,1.566885,
1367,6.118016,1.5606503,
1368,6.4830527,1.5417633,
1369,6.7197328,1.5300766,
1370,6.590415,1.5273486,
1371,5.84464,1.5273695,
1372,5.0061946,1.5329461,
1373,4.5420966,1.5331279,
1374,5.0403395,1.5359721,
1375,5.6183085,1.5393417,
1376,5.9411855,1.5459498,
1377,6.00467,1.5380254,
1378,6.345751,1.5242201,
1379,6.6303797,1.5141397,
1380,6.5585413,1.5120567,
1381,6.372629,1.5115706,
1382,6.2409964,1.50104,
1383,6.069377,1.5060465,
1384,5.678051,1.5183563,
1385,5.483286,1.5141925,
1386,5.3718143,1.503465,
1387,5.8403783,1.4952254,
1388,6.311775,1.502733,
1389,6.1352453,1.5077757,
1390,6.634643,1.526416,
1391,6.6082187,1.5487444,
1392,5.8229403,1.5670688,
1393,5.3204837,1.6000265,
1394,5.364204,1.5941551,
1395,5.5126557,1.5901538,
1396,5.3016343,1.5743104,
1397,6.1851516,1.5660396,
1398,5.2014194,1.5894523,
1399,5.0169716,1.5982894,
1400,5.5789785,1.5393417,
1401,5.7237506,1.5459498,
1402,6.2045927,1.5380254,
1403,6.6040025,1.5242201,
1404,6.998937,1.5141397,
1405,6.680087,1.5120567,
1406,6.558665,1.5115706,
1407,6.2381167,1.50104,
1408,5.909061,1.5060465,
1409,5.5847545,1.5183563,
1410,5.535195,1.5141925,
1411,5.50717,1.503465,
1412,5.527732,1.4952254,
1413,5.8932314,1.502733,
1414,6.142358,1.5077757,
1415,6.4095244,1.526416,
1416,6.6312585,1.5487444,
1417,5.810284,1.5670688,
1418,5.3090935,1.6000265,
1419,5.6623216,1.5941551,
1420,5.5621853,1.5901538,
1421,5.27585,1.5743104,
1422,6.2512164,1.5660396,
1423,5.5583453,1.5894523,
1424,5.035871,1.5982894,
1425,4.9609785,1.5978035,
1426,4.9464264,1.5929191,
1427,4.932497,1.5954663,
1428,4.994174,1.592565,
1429,5.1874533,1.5890368,
1430,5.2697377,1.5771117,
1431,5.675268,1.5636119,
1432,6.1555634,1.5367249,
1433,6.7344055,1.5413346,
1434,5.969589,1.5526987,
1435,5.1905823,1.5708522,
1436,5.096875,1.5838398,
1437,5.7980947,1.5999562,
1438,5.8683248,1.6116817,
1439,6.235619,1.6178304,
1440,6.721334,1.6232411,
1441,6.734285,1.6216806,
1442,6.5400558,1.6213918,
1443,6.718708,1.6180714,
1444,6.6282396,1.6177124,
1445,6.3745117,1.6161263,
1446,5.814734,1.5995598,
1447,5.2762437,1.5584859,
1448,5.4493246,1.5493009,
1449,5.0651603,1.5585917,
1450,4.9296165,1.5978035,
1451,4.78371,1.5929191,
1452,4.8241034,1.5954663,
1453,4.8266115,1.592565,
1454,4.940537,1.5890368,
1455,5.450226,1.5771117,
1456,5.8780217,1.5636119,
1457,6.077359,1.5367249,
1458,6.5115275,1.5413346,
1459,6.2096257,1.5526987,
1460,5.9408517,1.5708522,
1461,4.774811,1.5838398,
1462,5.721049,1.5999562,
1463,5.5632515,1.6116817,
1464,6.512537,1.6178304,
1465,6.689137,1.6232411,
1466,6.7260437,1.6216806,
1467,6.5641003,1.6213918,
1468,6.5918527,1.6180714,
1469,6.276556,1.6177124,
1470,6.3485794,1.6161263,
1471,6.1397386,1.5995598,
1472,5.1763177,1.5584859,
1473,5.3580575,1.5493009,
1474,4.83698,1.5585917,
1475,5.1738048,1.5522577,
1476,5.0332203,1.5527682,
1477,4.7921124,1.5490315,
1478,4.6363006,1.5411845,
1479,4.7315845,1.5282183,
1480,4.819177,1.5191897,
1481,5.021493,1.4989592,
1482,5.2116156,1.4791075,
1483,6.158883,1.4653292,
1484,6.1469183,1.4672962,
1485,6.3593354,1.4691515,
1486,6.2455387,1.4814507,
1487,6.0492554,1.495846,
1488,5.5246625,1.5074136,
1489,4.71499,1.5244958,
1490,4.7714334,1.5392158,
1491,4.5379615,1.537738,
1492,4.5669146,1.5500062,
1493,4.7136474,1.5554204,
1494,4.781666,1.5608228,
1495,4.828004,1.5683123,
1496,4.856182,1.5636228,
1497,4.5879455,1.550092,
1498,4.797783,1.5347319,
1499,5.0980086,1.5254751,
1500,4.8123484,1.5215496,
1501,5.7980022,1.5149066,
1502,5.1007247,1.5175709,
1503,5.3935127,1.5182565,
1504,5.0706205,1.5144583,
1505,3.8043187,1.5045247,
1506,4.7955585,1.4992934,
1507,4.804095,1.4972539,
1508,4.661556,1.4954983,
1509,4.706401,1.4968786,
1510,4.584495,1.5065947,
1511,4.5772142,1.5131451,
1512,4.545529,1.5172023,
1513,4.8444448,1.5166578,
1514,4.959888,1.516465,
1515,4.759762,1.5197403,
1516,4.318725,1.5174559,
1517,4.851685,1.5094512,
1518,4.967476,1.5132455,
1519,5.3472905,1.5136335,
1520,5.209695,1.5074263,
1521,5.8588996,1.4901319,
1522,6.333621,1.4873857,
1523,6.1966085,1.4875314,
1524,5.6325464,1.4941584,
1525,4.421553,1.5033866,
1526,4.1549773,1.5026574,
1527,5.6171455,1.4961354,
1528,5.429621,1.4910086,
1529,5.0541067,1.48373,
1530,4.58566,1.4815944,
1531,4.19258,1.4824796,
1532,4.283795,1.4795117,
1533,4.267718,1.4800551,
1534,4.0869246,1.4812351,
1535,4.1975727,1.4824294,
1536,4.339141,1.4872276,
1537,4.8237214,1.4928297,
1538,4.965441,1.4981397,
1539,5.307272,1.5050349,
1540,5.324988,1.5066959,
1541,5.2059727,1.5097018,
1542,5.2881103,1.5097579,
1543,5.228907,1.5209267,
1544,4.451701,1.5112935,
1545,4.856489,1.5039008,
1546,5.8271704,1.4813287,
1547,6.9510217,1.4657332,
1548,7.8015766,1.4586847,
1549,6.4250007,1.4713706,
1550,4.2940855,1.5033866,
1551,4.2371607,1.5026574,
1552,5.588477,1.4961354,
1553,5.187287,1.4910086,
1554,5.1369596,1.48373,
1555,4.6453533,1.4815944,
1556,4.174971,1.4824796,
1557,4.137167,1.4795117,
1558,4.21626,1.4800551,
1559,4.076314,1.4812351,
1560,4.282451,1.4824294,
1561,4.313016,1.4872276,
1562,4.3370547,1.4928297,
1563,5.146897,1.4981397,
1564,5.1873984,1.5050349,
1565,5.388887,1.5066959,
1566,5.5695047,1.5097018,
1567,5.3746476,1.5097579,
1568,5.4388337,1.5209267,
1569,4.6496754,1.5112935,
1570,4.700787,1.5039008,
1571,6.031723,1.4813287,
1572,7.0571737,1.4657332,
1573,6.947866,1.4586847,
1574,6.28807,1.4713706,
1575,5.422419,1.4916943,
1576,5.0057445,1.5084633,
1577,5.952339,1.5053443,
1578,5.4062567,1.5096666,
1579,5.1829205,1.5137904,
1580,5.375613,1.5164872,
1581,5.963274,1.5089777,
1582,6.37253,1.5003228,
1583,6.545724,1.4963071,
1584,6.3388896,1.4975529,
1585,6.2442975,1.5021176,
1586,6.1926093,1.5128766,
1587,6.0494184,1.5154678,
1588,6.258753,1.5215018,
1589,5.1626205,1.5287911,
1590,5.3982587,1.5279235,
1591,5.6299763,1.5230372,
1592,5.4941254,1.5201739,
1593,6.033157,1.5072343,
1594,5.821326,1.5013018,
1595,5.21978,1.5117365,
1596,5.777442,1.515368,
1597,5.1411552,1.5231129,
1598,4.156354,1.5300962,
1599,4.439392,1.5256443,
1600,5.416339,1.4916943,
1601,4.8166294,1.5084633,
1602,5.643245,1.5053443,
1603,5.3407645,1.5096666,
1604,5.485925,1.5137904,
1605,5.3271646,1.5164872,
1606,5.859804,1.5089777,
1607,6.718706,1.5003228,
1608,6.484962,1.4963071,
1609,6.6387444,1.4975529,
1610,6.55736,1.5021176,
1611,6.6237698,1.5128766,
1612,6.41417,1.5154678,
1613,6.3202505,1.5215018,
1614,5.1371145,1.5287911,
1615,5.557031,1.5279235,
1616,5.675226,1.5230372,
1617,5.7310677,1.5201739,
1618,5.869496,1.5072343,
1619,6.397045,1.5013018,
1620,5.352238,1.5117365,
1621,5.776052,1.515368,
1622,5.4654,1.5231129,
1623,4.2722454,1.5300962,
1624,4.2611136,1.5256443,
1625,5.171683,1.5197585,
1626,5.4868727,1.5129588,
1627,5.166792,1.5060503,
1628,4.920229,1.5138859,
1629,5.11697,1.5204349,
1630,4.9235134,1.5158428,
1631,5.201645,1.5160494,
1632,5.159203,1.5166974,
1633,4.9737797,1.5092157,
1634,5.083253,1.5133356,
1635,5.267373,1.5150696,
1636,5.879061,1.5163282,
1637,5.8299336,1.5211947,
1638,6.010214,1.5235943,
1639,5.903001,1.5200536,
1640,5.6731353,1.517323,
1641,6.3807755,1.5266002,
1642,6.129412,1.5311815,
1643,4.708751,1.5438353,
1644,4.9699416,1.5522344,
1645,4.9277,1.5507898,
1646,4.647563,1.5383817,
1647,4.876432,1.5223029,
1648,5.9839706,1.5053926,
1649,5.8635993,1.4932166,
1650,5.307549,1.5197585,
1651,5.4125366,1.5129588,
1652,5.2320642,1.5060503,
1653,4.8814006,1.5138859,
1654,5.049255,1.5204349,
1655,4.927069,1.5158428,
1656,4.9640183,1.5160494,
1657,5.3354206,1.5166974,
1658,5.324053,1.5092157,
1659,5.053105,1.5133356,
1660,5.2072167,1.5150696,
1661,5.803154,1.5163282,
1662,5.6114926,1.5211947,
1663,5.972391,1.5235943,
1664,6.3462596,1.5200536,
1665,6.0782843,1.517323,
1666,5.9759955,1.5266002,
1667,5.855341,1.5311815,
1668,4.56954,1.5438353,
1669,4.739851,1.5522344,
1670,5.0665207,1.5507898,
1671,4.6237683,1.5383817,
1672,4.7834163,1.5223029,
1673,5.546011,1.5053926,
1674,6.087627,1.4932166,
1675,6.1109266,1.48445,
1676,5.84182,1.4792329,
1677,5.324911,1.4808466,
1678,4.824359,1.4927977,
1679,4.940161,1.4949976,
1680,5.0309043,1.4988409,
1681,5.0235124,1.4980577,
1682,5.4803314,1.5006533,
1683,5.5330496,1.4920924,
1684,5.3428497,1.4892324,
1685,5.1478286,1.4838593,
1686,5.228688,1.4840848,
1687,5.226607,1.4879817,
1688,5.377662,1.4869238,
1689,5.352423,1.4922304,
1690,5.37279,1.494001,
1691,5.372976,1.4976822,
1692,5.330992,1.4977856,
1693,5.7366924,1.497404,
1694,5.760174,1.4906358,
1695,5.8889813,1.4861516,
1696,5.7246585,1.4791709,
1697,5.587414,1.4691875,
1698,5.760765,1.4601833,
1699,5.917297,1.4492058,
1700,7.1914487,1.4654483,
1701,7.1741385,1.4644648,
1702,6.940391,1.4636285,
1703,7.0207677,1.4668305,
1704,6.3292522,1.475885,
1705,6.1477675,1.4743316,
1706,6.4577904,1.4744276,
1707,6.6636786,1.4704237,
1708,6.19516,1.4715409,
1709,6.745309,1.4821197,
1710,7.503325,1.4775184,
1711,7.955324,1.4813634,
1712,8.105732,1.4893585,
1713,7.8606105,1.4929106,
1714,6.8918753,1.4969088,
1715,7.152602,1.4983151,
1716,6.823136,1.4821693,
1717,7.070223,1.4769844,
1718,7.7730856,1.4787608,
1719,8.167089,1.4836937,
1720,8.157744,1.490919,
1721,8.359801,1.4892519,
1722,7.652054,1.5018331,
1723,6.7482567,1.5028355,
1724,6.5461307,1.5058057,
1725,6.066538,1.5056413,
1726,5.852554,1.4992706,
1727,5.171678,1.4881759,
1728,5.2942386,1.4794216,
1729,5.1689224,1.4669688,
1730,4.9069076,1.4597548,
1731,5.454297,1.4570588,
1732,5.2102075,1.4635087,
1733,5.2421374,1.4636741,
1734,5.7247987,1.4611763,
1735,5.2477803,1.4517559,
1736,5.389012,1.4452049,
1737,4.8661995,1.4489696,
1738,4.6621385,1.4502184,
1739,4.3677974,1.4495918,
1740,4.663475,1.4476169,
1741,4.587051,1.4452147,
1742,5.023413,1.4436402,
1743,4.9171863,1.4557178,
1744,4.397226,1.4673852,
1745,4.9697657,1.479018,
1746,4.9018364,1.4835382,
1747,5.1702523,1.4886167,
1748,5.083576,1.487479,
1749,5.222168,1.4879756,
1750,5.7319455,1.5056413,
1751,5.721274,1.4992706,
1752,5.27562,1.4881759,
1753,5.08556,1.4794216,
1754,5.085865,1.4669688,
1755,5.241804,1.4597548,
1756,5.3060393,1.4570588,
1757,5.1746335,1.4635087,
1758,5.598561,1.4636741,
1759,5.438742,1.4611763,
1760,5.379677,1.4517559,
1761,5.32273,1.4452049,
1762,5.007345,1.4489696,
1763,4.509549,1.4502184,
1764,4.4678445,1.4495918,
1765,4.7515163,1.4476169,
1766,4.8445873,1.4452147,
1767,5.1278505,1.4436402,
1768,4.9365635,1.4557178,
1769,4.440336,1.4673852,
1770,4.853397,1.479018,
1771,5.01604,1.4835382,
1772,5.1389046,1.4886167,
1773,5.1315503,1.487479,
1774,5.214267,1.4879756,
1775,5.1794333,1.4807504,
1776,5.5266414,1.4671692,
1777,5.3452854,1.4542915,
1778,4.985761,1.4395077,
1779,4.8662405,1.4293514,
1780,5.1874204,1.4280181,
1781,4.979048,1.4199804,
1782,5.0602636,1.4285923,
1783,4.9207582,1.4436798,
1784,5.3229327,1.4647223,
1785,5.4679008,1.4682829,
1786,5.4921293,1.471047,
1787,5.7445707,1.4689546,
1788,5.49815,1.466939,
1789,5.231439,1.4709989,
1790,5.2305727,1.4701884,
1791,4.526559,1.4588972,
1792,5.3320403,1.4525456,
1793,5.946943,1.4505581,
1794,6.1271634,1.4517487,
1795,5.2934036,1.4487268,
1796,5.219236,1.4511031,
1797,4.9786935,1.452544,
1798,4.8244796,1.4537964,
1799,5.0972567,1.454251,
1800,5.0357594,1.4807504,
1801,5.108989,1.4671692,
1802,5.1319075,1.4542915,
1803,5.132751,1.4395077,
1804,4.628121,1.4293514,
1805,5.52726,1.4280181,
1806,5.0763626,1.4199804,
1807,5.238451,1.4285923,
1808,4.9068756,1.4436798,
1809,4.94939,1.4647223,
1810,5.3687277,1.4682829,
1811,5.7577977,1.471047,
1812,5.4328437,1.4689546,
1813,5.1637664,1.466939,
1814,5.177425,1.4709989,
1815,5.1691065,1.4701884,
1816,4.6934114,1.4588972,
1817,5.024187,1.4525456,
1818,5.639471,1.4505581,
1819,6.3642387,1.4517487,
1820,5.4940085,1.4487268,
1821,5.0777144,1.4511031,
1822,5.1991873,1.452544,
1823,4.949633,1.4537964,
1824,4.977171,1.454251,
1825,5.0007515,1.4569279,
1826,4.611298,1.4677327,
1827,4.225598,1.472513,
1828,4.3246303,1.4833283,
1829,4.275167,1.4825282,
1830,5.1619163,1.4775076,
1831,5.0139747,1.4821318,
1832,4.4506974,1.4958944,
1833,4.546264,1.4937129,
1834,4.9947233,1.4852049,
1835,5.8301563,1.4837713,
1836,6.6735024,1.4790944,
1837,6.992141,1.4709454,
1838,7.0367236,1.4640977,
1839,6.99642,1.4559457,
1840,7.2153616,1.4518461,
1841,6.9189696,1.4502854,
1842,6.977869,1.4519391,
1843,7.062751,1.4568987,
1844,6.291671,1.4741703,
1845,6.1666665,1.4821165,
1846,6.214281,1.4753368,
1847,6.5100994,1.4667096,
1848,6.0304728,1.4545197,
1849,5.528542,1.448698,
1850,5.3906903,1.4569279,
1851,4.6405306,1.4677327,
1852,4.2921476,1.472513,
1853,4.394375,1.4833283,
1854,4.3758817,1.4825282,
1855,5.104627,1.4775076,
1856,5.0829115,1.4821318,
1857,4.652633,1.4958944,
1858,4.573817,1.4937129,
1859,5.360657,1.4852049,
1860,5.7836914,1.4837713,
1861,6.7343607,1.4790944,
1862,6.9730062,1.4709454,
1863,7.0235367,1.4640977,
1864,7.4175897,1.4559457,
1865,7.012598,1.4518461,
1866,6.9430866,1.4502854,
1867,6.814069,1.4519391,
1868,6.8775415,1.4568987,
1869,6.0624285,1.4741703,
1870,6.2962656,1.4821165,
1871,6.814905,1.4753368,
1872,6.5778594,1.4667096,
1873,5.8414507,1.4545197,
1874,5.5905366,1.448698,
1875,4.7349124,1.4456556,
1876,4.4472513,1.4457551,
1877,4.14139,1.4399862,
1878,4.2335596,1.4329525,
1879,4.419605,1.4285768,
1880,4.580521,1.4256251,
1881,4.7188606,1.4240682,
1882,4.5408025,1.4171731,
1883,5.1734967,1.4263555,
1884,5.256261,1.4297091,
1885,5.1682243,1.4318986,
1886,4.7573876,1.4225905,
1887,4.7402806,1.4239737,
1888,4.7330136,1.4177171,
1889,4.633046,1.4256775,
1890,4.452054,1.432996,
1891,4.4546347,1.4342796,
1892,4.46353,1.4315828,
1893,4.286261,1.431368,
1894,4.2541876,1.4289834,
1895,4.146716,1.4234742,
1896,4.140731,1.4224797,
1897,4.2874465,1.4190363,
1898,4.3014975,1.4180459,
1899,4.229024,1.4230393,
1900,5.326713,1.4429785,
1901,4.9012494,1.4444238,
1902,5.2115684,1.4436936,
1903,5.3484693,1.4456937,
1904,5.510064,1.4480664,
1905,5.6193686,1.4517242,
1906,5.6995173,1.4575781,
1907,5.547891,1.4521648,
1908,5.974976,1.4539373,
1909,5.155992,1.4523189,
1910,4.8936067,1.4508564,
1911,4.544749,1.4311825,
1912,4.641429,1.4282184,
1913,4.8596897,1.4298881,
1914,4.701636,1.4367045,
1915,4.6763773,1.4440444,
1916,4.6974983,1.4469064,
1917,4.7870574,1.4451364,
1918,4.606888,1.4455909,
1919,4.9575744,1.4442067,
1920,4.896567,1.4440913,
1921,4.912965,1.4461032,
1922,4.754237,1.4450978,
1923,4.726459,1.4506687,
1924,4.86597,1.450513,
1925,4.5495453,1.4452388,
1926,4.993971,1.4426061,
1927,4.849167,1.4504813,
1928,4.9008365,1.4526693,
1929,4.836485,1.4507477,
1930,4.839955,1.4462138,
1931,4.930841,1.4496832,
1932,5.2844777,1.4528074,
1933,5.0021963,1.4477378,
1934,5.777073,1.4364698,
1935,6.2824097,1.4272097,
1936,4.534655,1.4331573,
1937,4.9226084,1.4324962,
1938,5.388104,1.4368731,
1939,5.021151,1.4304272,
1940,4.918601,1.4287609,
1941,5.195289,1.4402599,
1942,5.4474363,1.4471647,
1943,5.545114,1.4431413,
1944,5.6746497,1.4497322,
1945,5.7223425,1.4508802,
1946,5.9600983,1.4484409,
1947,5.7720923,1.4516852,
1948,5.584924,1.4553802,
1949,5.4954185,1.4520702,
1950,5.0343537,1.4452388,
1951,4.796261,1.4426061,
1952,5.141038,1.4504813,
1953,5.001004,1.4526693,
1954,5.046857,1.4507477,
1955,4.881193,1.4462138,
1956,4.924338,1.4496832,
1957,4.875341,1.4528074,
1958,4.976371,1.4477378,
1959,5.9282274,1.4364698,
1960,6.024488,1.4272097,
1961,4.3227935,1.4331573,
1962,5.338301,1.4324962,
1963,5.1814656,1.4368731,
1964,5.4065065,1.4304272,
1965,4.9298153,1.4287609,
1966,4.808924,1.4402599,
1967,5.26348,1.4471647,
1968,5.512888,1.4431413,
1969,5.859868,1.4497322,
1970,5.4649873,1.4508802,
1971,5.648245,1.4484409,
1972,5.709774,1.4516852,
1973,5.5404954,1.4553802,
1974,5.2504234,1.4520702,
1975,4.835154,1.4457175,
1976,4.0153675,1.4408548,
1977,4.2245145,1.4318568,
1978,4.226663,1.4341025,
1979,4.3162465,1.4290968,
1980,4.448728,1.4293873,
1981,4.4677258,1.4409162,
1982,4.4197516,1.4432459,
1983,4.5443425,1.4446968,
1984,4.5664754,1.4435282,
1985,4.110632,1.439483,
1986,4.458116,1.435583,
1987,4.32379,1.4358064,
1988,4.797614,1.4384824,
1989,5.538599,1.4423921,
1990,5.7677946,1.445747,
1991,5.666879,1.4488233,
1992,5.6464868,1.4501873,
1993,5.795425,1.454725,
1994,5.863867,1.4577504,
1995,5.4656005,1.4585063,
1996,5.296311,1.455967,
1997,4.7362514,1.451469,
1998,4.5026,1.4369191,
1999,4.9312487,1.4352387,
